{"cameraMode":{"drawMode":0,"name":"Shaded","section":"Shading Mode"},"sceneLighting":true,"audioPlay":false,"sceneViewState":{"showFog":true,"showMaterialUpdate":false,"showSkybox":true,"showFlares":true,"showImageEffects":true,"showParticleSystems":true},"in2DMode":false,"pivot":{"x":0.18700695037841798,"y":1.4749419689178467,"z":-0.9707603454589844},"rotation":{"x":0.05131771042943001,"y":-0.9288515448570252,"z":0.14067663252353669,"w":0.3388383984565735},"size":10.0,"orthographic":false}